apply link,company_name,status
https://www.naukri.com/job-listings-python-developer-rd-amp-amp-x-network-bangalore-bengaluru-1-to-3-years-151222502186,RD&amp;amp;X Network,APPLY ON COMPANY SITE
https://www.naukri.com/job-listings-python-developer-futurehook-technologies-bangalore-bengaluru-1-to-3-years-270522502911,Xtrematix Automation,APPLY ON COMPANY SITE
https://www.naukri.com/job-listings-python-developer-mahiti-bengaluru-bangalore-1-to-3-years-260618500754,Mahiti Infotech,APPLY ON COMPANY SITE
https://www.naukri.com/job-listings-python-developer-global-talent-pool-bangalore-bengaluru-1-to-4-years-160522501132,Global Talent Pool,APPLIED
https://www.naukri.com/job-listings-python-developer-global-talent-pool-bangalore-bengaluru-1-to-3-years-141221500077,Global Talent Pool,APPLIED
https://www.naukri.com/job-listings-python-developer-aptiv-technical-centre-bangalore-bengaluru-1-to-5-years-251122502214,Aptiv,APPLIED
https://www.naukri.com/job-listings-python-developer-day1-tech-bangalore-bengaluru-1-to-4-years-300622501634,Day1 Technologies,APPLY ON COMPANY SITE
https://www.naukri.com/job-listings-python-developer-mahiti-bengaluru-bangalore-1-to-3-years-260618500753,Mahiti Infotech,APPLY ON COMPANY SITE
https://www.naukri.com/job-listings-senior-python-developer-wow-labz-bangalore-bengaluru-1-to-6-years-230822500793,Wow Labz,APPLY ON COMPANY SITE
https://www.naukri.com/job-listings-python-developer-t-a-solutions-bangalore-bengaluru-1-to-7-years-100622501952,T & A Solutions,APPLIED
https://www.naukri.com/job-listings-aws-python-developer-sahasya-global-solutions-bengaluru-bangalore-0-to-6-years-040321501032,Sahasya Global Solutions,APPLY ON COMPANY SITE
https://www.naukri.com/job-listings-python-developer-evertz-microsystems-ltd-bangalore-bengaluru-1-to-4-years-030522500874,"Evertz Microsystems, Ltd",APPLY ON COMPANY SITE
https://www.naukri.com/job-listings-data-analytics-python-developer-dish-media-network-bangalore-bengaluru-1-to-1-years-231122504251,Dish Media Network,APPLY ON COMPANY SITE
https://www.naukri.com/job-listings-python-django-developer-peerxp-technologies-bangalore-bengaluru-1-to-2-years-191022501258,Peerxp Technologies,APPLY ON COMPANY SITE
https://www.naukri.com/job-listings-python-developer-edu-angels-india-pvt-ltd-bangalore-bengaluru-1-to-5-years-290922001274,EDU ANGELS INDIA PVT LTD  ,APPLIED
https://www.naukri.com/job-listings-python-automation-developer-varite-bangalore-bengaluru-1-to-3-years-300822500721,Varite,APPLIED
https://www.naukri.com/job-listings-senior-software-product-developer-python-django-squareroot-consulting-pvt-ltd-bangalore-bengaluru-1-to-6-years-301122911979,Squareroot Consulting Pvt Ltd,APPLIED
https://www.naukri.com/job-listings-java-or-python-developer-hrdevi-talent-acquisition-bengaluru-bangalore-1-to-3-years-140619501289,Hrdevi Talent Acquisition,APPLIED
https://www.naukri.com/job-listings-php-android-ios-and-python-developer-seo-graphic-web-designer-creative-hands-hr-hyderabad-secunderabad-chennai-bangalore-bengaluru-0-to-4-years-261222001023,Creative Hands HR,APPLIED
https://www.naukri.com/job-listings-senior-software-engineer-rpa-gogalz-thane-pune-chennai-ahmedabad-bangalore-bengaluru-1-to-7-years-181122501648,Gogalz,APPLY ON COMPANY SITE
https://www.naukri.com/job-listings-sr-associate-software-engineer-sutherland-global-services-inc-bangalore-bengaluru-1-to-4-years-161122500871,Sutherland Global Services Inc,APPLY ON COMPANY SITE
https://www.naukri.com/job-listings-software-engineer-sr-software-engineer-cue-math-pvt-ltd-bangalore-bengaluru-1-to-3-years-261022500033,Cue-math Pvt.ltd,APPLY ON COMPANY SITE
https://www.naukri.com/job-listings-gnss-software-test-engineer-sr-engineer-qualcomm-technologies-inc-bangalore-bengaluru-1-to-5-years-071222502243,"Qualcomm Technologies, Inc",APPLIED
https://www.naukri.com/job-listings-gnss-software-test-engineer-sr-engineer-qcom-bangalore-bengaluru-1-to-5-years-071222500473,Qcom,APPLY ON COMPANY SITE
https://www.naukri.com/job-listings-senior-software-engineer-xoom-inc-bangalore-bengaluru-1-to-3-years-051222501102,Xoom,APPLY ON COMPANY SITE
https://www.naukri.com/job-listings-backend-senior-software-engineer-bigbasket-com-bangalore-bengaluru-1-to-3-years-251122500075,Bigbasket,APPLY ON COMPANY SITE
https://www.naukri.com/job-listings-senior-software-engineer-talent-zone-consultant-bengaluru-bangalore-1-to-3-years-230120501259,Talent Zone Consultant,APPLIED
https://www.naukri.com/job-listings-senior-software-engineer-ferill-dynamics-bengaluru-bangalore-1-to-4-years-080819503397,Ferill Dynamics,APPLY ON COMPANY SITE
https://www.naukri.com/job-listings-software-development-engineer-achnet-inc-bangalore-bengaluru-1-to-4-years-300922501359,Achnet,APPLY ON COMPANY SITE
https://www.naukri.com/job-listings-software-engineer-node-js-biofourmis-india-private-limited-bangalore-bengaluru-1-to-6-years-290422501124,Biofourmis,APPLY ON COMPANY SITE
https://www.naukri.com/job-listings-software-engineer-novella-clinical-inc-kochi-cochin-bangalore-bengaluru-1-to-4-years-090922501281,Iqvia Biotech,APPLY ON COMPANY SITE
https://www.naukri.com/job-listings-software-engineer-engineering-productivity-google-cloud-google-asia-pacific-pte-ltd-bangalore-bengaluru-1-to-3-years-161222905051,Google Asia Pacific Pte. Ltd,APPLY ON COMPANY SITE
https://www.naukri.com/job-listings-junior-software-developer-python-xmplar-management-solutions-private-limited-bangalore-bengaluru-1-to-6-years-010922500290,Xmplar Management Solutions,APPLY ON COMPANY SITE
https://www.naukri.com/job-listings-software-engineer-hashedin-technologies-bangalore-bengaluru-1-to-5-years-221222502074,HashedIn,APPLIED
https://www.naukri.com/job-listings-associate-software-engineer-i-bright-tree-technologies-bangalore-bengaluru-1-to-3-years-221222501254,Bright Tree Technologies,APPLY ON COMPANY SITE
https://www.naukri.com/job-listings-junior-software-engineer-backend-kwalee-india-bangalore-bengaluru-1-to-6-years-161221001766,Kwalee India,APPLY ON COMPANY SITE
https://www.naukri.com/job-listings-software-engineer-truelark-bangalore-bengaluru-1-to-3-years-260322500443,Truelark,APPLY ON COMPANY SITE
https://www.naukri.com/job-listings-software-engineer-ii-dealersocket-bangalore-bengaluru-1-to-4-years-250822500514,Dealersocket,APPLY ON COMPANY SITE
https://www.naukri.com/job-listings-software-engineer-php-reconnect-energy-bangalore-bengaluru-0-to-4-years-310522501385,Reconnect Energy Solutions,APPLY ON COMPANY SITE
https://www.naukri.com/job-listings-full-stack-developer-attribution-pvt-ltd-bangalore-bengaluru-1-to-6-years-151222006423,Attribution PVT LTD.,APPLIED
https://www.naukri.com/job-listings-software-engineer-backend-wakefit-innovations-private-limited-bangalore-bengaluru-1-to-3-years-170921500688,Wakefit Innovations,APPLY ON COMPANY SITE
https://www.naukri.com/job-listings-software-engineer-nextgrowth-labs-bangalore-bengaluru-0-to-5-years-300322500810,Nextgrowth Labs,APPLY ON COMPANY SITE
https://www.naukri.com/job-listings-sde-ii-bright-money-bangalore-bengaluru-1-to-3-years-090822500489,Bright Capital,APPLY ON COMPANY SITE
https://www.naukri.com/job-listings-software-engineer-1-juniper-networks-india-pvt-ltd-bangalore-bengaluru-1-to-2-years-171222500439,Juniper Networks,APPLIED
https://www.naukri.com/job-listings-it-software-engineer-palo-alto-networks-bangalore-bengaluru-1-to-4-years-121222500503,Palo Alto Networks,APPLY ON COMPANY SITE
https://www.naukri.com/job-listings-oracle-adf-developer-oracle-aps-technical-consultant-imtac-india-private-limited-bengaluru-bangalore-1-to-5-years-281117500798,Imtac India Private Limited,APPLY ON COMPANY SITE
https://www.naukri.com/job-listings-full-stack-developer-wow-labz-bangalore-bengaluru-1-to-6-years-230822500775,Wow Labz,APPLY ON COMPANY SITE
https://www.naukri.com/job-listings-web-developer-talent-zone-consultant-bangalore-bengaluru-1-to-3-years-190822501065,Talent Zone Consultant,APPLIED
https://www.naukri.com/job-listings-front-end-developer-machstatz-bangalore-bengaluru-1-to-3-years-280222502177,Machstatz,APPLY ON COMPANY SITE
https://www.naukri.com/job-listings-ios-developer-mantra-labs-pvt-ltd-bengaluru-bangalore-0-to-4-years-170518500130,Mantra Labs,APPLY ON COMPANY SITE
https://www.naukri.com/job-listings-asst-full-stack-developer-nescode-technologies-private-limited-bengaluru-bangalore-1-to-4-years-010221501543,Nescode Technologies,APPLY ON COMPANY SITE
https://www.naukri.com/job-listings-software-engr-silver-spring-networks-bangalore-bengaluru-1-to-4-years-301122500462,Silver Spring Networks,APPLY ON COMPANY SITE
https://www.naukri.com/job-listings-software-engineer-itron-inc-bangalore-bengaluru-1-to-4-years-301122500198,Itron,APPLY ON COMPANY SITE
https://www.naukri.com/job-listings-sde-ii-backend-supply-engineering-grofers-bangalore-bengaluru-1-to-3-years-290722500599,Blinkit,APPLIED
https://www.naukri.com/job-listings-software-engineer-flashblade-pure-storage-bangalore-bengaluru-1-to-4-years-280922502433,Pure Storage,APPLY ON COMPANY SITE
https://www.naukri.com/job-listings-sde-cue-math-pvt-ltd-bangalore-bengaluru-1-to-3-years-261022500022,Cue-math Pvt.ltd,APPLY ON COMPANY SITE
https://www.naukri.com/job-listings-storage-system-software-engineer-samsung-india-electronics-pvt-ltd-bangalore-bengaluru-1-to-4-years-071122501645,Samsung India,APPLY ON COMPANY SITE
https://www.naukri.com/job-listings-software-development-engineer-in-test-sdet-inflection-io-bangalore-bengaluru-1-to-4-years-011222500590,Inflection.io,APPLY ON COMPANY SITE
https://www.naukri.com/job-listings-software-engineer-vrddhi-insurance-brokers-bangalore-bengaluru-1-to-3-years-011122500847,Vrddhi Insurance Brokers,APPLY ON COMPANY SITE
https://www.naukri.com/job-listings-sde-iii-backend-supply-engineering-grofers-bangalore-bengaluru-1-to-4-years-290722500614,Blinkit,APPLIED
https://www.naukri.com/job-listings-software-development-engineer-in-test-trellix-bangalore-bengaluru-1-to-4-years-280522501008,Musarubra Software,APPLY ON COMPANY SITE
https://www.naukri.com/job-listings-software-engineer-python-coding-taurus-hard-soft-solutions-pvt-ltd-bengaluru-bangalore-1-to-5-years-261115500112,Taurus Hard Soft Solutions,APPLY ON COMPANY SITE
